{
    "sparsh_brand": {
        "column": {
            "brand_id": true,
            "title": true,
            "description": true,
            "meta_title": true,
            "meta_keywords": true,
            "meta_description": true,
            "url_key": true,
            "image": true,
            "banner_image": true,
            "position": true,
            "status": true,
            "creation_time": true,
            "update_time": true
        },
        "constraint": {
            "PRIMARY": true
        }
    },
    "sparsh_brand_products": {
        "column": {
            "brand_product_id": true,
            "sbrand_id": true,
            "product_id": true,
            "title": true,
            "description": true,
            "meta_title": true,
            "meta_keywords": true,
            "meta_description": true,
            "url_key": true,
            "image": true,
            "banner_image": true,
            "position": true,
            "status": true,
            "creation_time": true,
            "update_time": true
        },
        "constraint": {
            "PRIMARY": true,
            "SPARSH_BRAND_PRDS_PRD_ID_CAT_PRD_ENTT_ENTT_ID": true,
            "SPARSH_BRAND_PRODUCTS_SBRAND_ID_SPARSH_BRAND_BRAND_ID": true
        }
    }
}