<config xmlns:xsi="http://www.w3.org/2001/XMLSchema-instance" xsi:noNamespaceSchemaLocation="urn:magento:framework:ObjectManager/etc/config.xsd">
    <preference for="Sparsh\Brand\Api\Data\BrandInterface" type="Sparsh\Brand\Model\Brand" />
    <preference for="Sparsh\Brand\Api\BrandRepositoryInterface" type="Sparsh\Brand\Model\BrandRepository" />
    <virtualType name="BrandGridFilterPool" type="Magento\Framework\View\Element\UiComponent\DataProvider\FilterPool">
        <arguments>
            <argument name="appliers" xsi:type="array">
                <item name="regular" xsi:type="object">Magento\Framework\View\Element\UiComponent\DataProvider\RegularFilter</item>
                <item name="fulltext" xsi:type="object">Magento\Framework\View\Element\UiComponent\DataProvider\FulltextFilter</item>
            </argument>
        </arguments>
    </virtualType>
    <virtualType name="BrandGridDataProvider" type="Magento\Framework\View\Element\UiComponent\DataProvider\DataProvider">
        <arguments>
            <argument name="collection" xsi:type="object" shared="false">Sparsh\Brand\Model\ResourceModel\Brand\Collection</argument>
            <argument name="filterPool" xsi:type="object" shared="false">BrandGridFilterPool</argument>
        </arguments>
    </virtualType>
    <virtualType name="Sparsh\Brand\Model\ResourceModel\Brand\Grid\Collection" type="Magento\Framework\View\Element\UiComponent\DataProvider\SearchResult">
        <arguments>
            <argument name="mainTable" xsi:type="string">sparsh_brand</argument>
            <argument name="resourceModel" xsi:type="string">Sparsh\Brand\Model\ResourceModel\Brand</argument>
        </arguments>
    </virtualType>
    <type name="Magento\Framework\View\Element\UiComponent\DataProvider\CollectionFactory">
        <arguments>
            <argument name="collections" xsi:type="array">
                <item name="brands_index_listing_data_source" xsi:type="string">Sparsh\Brand\Model\ResourceModel\Brand\Grid\Collection</item>
            </argument>
        </arguments>
    </type>
    <type name="Sparsh\Brand\Model\ResourceModel\Brand\Grid\Collection">
        <arguments>
            <argument name="mainTable" xsi:type="string">sparsh_brand</argument>
            <argument name="eventPrefix" xsi:type="string">sparsh_brand_grid_collection</argument>
            <argument name="eventObject" xsi:type="string">sparsh_brand_grid_collection</argument>
            <argument name="resourceModel" xsi:type="string">Sparsh\Brand\Model\ResourceModel\Brand</argument>
        </arguments>
    </type>
    <type name="Magento\Framework\Model\Entity\RepositoryFactory">
        <arguments>
            <argument name="entities" xsi:type="array">
                <item name="Sparsh\Brand\Api\Data\BrandInterface" xsi:type="string">Sparsh\Brand\Api\BrandRepositoryInterface</item>
            </argument>
        </arguments>
    </type>
    <type name="Magento\Framework\EntityManager\MetadataPool">
        <arguments>
            <argument name="metadata" xsi:type="array">
                <item name="Sparsh\Brand\Api\Data\BrandInterface" xsi:type="array">
                    <item name="entityTableName" xsi:type="string">sparsh_brand</item>
                    <item name="identifierField" xsi:type="string">brand_id</item>
                </item>
            </argument>
        </arguments>
    </type>
    <type name="Magento\Framework\EntityManager\Operation\ExtensionPool">
        <arguments>
            <argument name="extensionActions" xsi:type="array">
                <item name="Sparsh\Brand\Api\Data\BrandInterface" xsi:type="array">
                    <item name="read" xsi:type="array">
                        <item name="storeReader" xsi:type="string">Sparsh\Brand\Model\ResourceModel\Brand\Relation\Store\ReadHandler</item>
                    </item>
                    <item name="create" xsi:type="array">
                        <item name="storeCreator" xsi:type="string">Sparsh\Brand\Model\ResourceModel\Brand\Relation\Store\SaveHandler</item>
                    </item>
                    <item name="update" xsi:type="array">
                        <item name="storeUpdater" xsi:type="string">Sparsh\Brand\Model\ResourceModel\Brand\Relation\Store\SaveHandler</item>
                    </item>
                </item>
            </argument>
        </arguments>
    </type>
    <type name="Magento\Framework\EntityManager\Operation\ExtensionPool">
    <arguments>
        <argument name="extensionActions" xsi:type="array">
            <item name="Sparsh\Brand\Api\Data\BrandInterface" xsi:type="array">
                <item name="read" xsi:type="array">
                    <item name="customerGroupReader"
                          xsi:type="string">Sparsh\Brand\Model\ResourceModel\Brand\Relation\CustomerGroup\ReadHandler</item>
                </item>
                <item name="create" xsi:type="array">
                    <item name="customerGroupCreator"
                          xsi:type="string">Sparsh\Brand\Model\ResourceModel\Brand\Relation\CustomerGroup\SaveHandler</item>
                </item>
                <item name="update" xsi:type="array">
                    <item name="customerGroupUpdater"
                          xsi:type="string">Sparsh\Brand\Model\ResourceModel\Brand\Relation\CustomerGroup\SaveHandler</item>
                </item>
            </item>
        </argument>
    </arguments>
</type>
    <type name="Magento\Framework\EntityManager\HydratorPool">
        <arguments>
            <argument name="hydrators" xsi:type="array">
                <item name="Sparsh\Brand\Api\Data\BrandInterface" xsi:type="string">Magento\Framework\EntityManager\AbstractModelHydrator</item>
            </argument>
        </arguments>
    </type>
</config>
